{
  "IcoMoonType": "selection",
  "icons": [
    {
      "icon": {
        "paths": [
          "M1024 512c0 282.77-229.23 512-512 512s-512-229.23-512-512c0-282.77 229.23-512 512-512s512 229.23 512 512z",
          "M1002.667 512c0 270.988-219.679 490.667-490.667 490.667s-490.667-219.679-490.667-490.667c0-270.988 219.679-490.667 490.667-490.667s490.667 219.679 490.667 490.667z",
          "M682.667 375.723l-34.389-34.389-136.277 136.277-136.277-136.277-34.389 34.389 136.277 136.277-136.277 136.277 34.389 34.389 136.277-136.277 136.277 136.277 34.389-34.389-136.277-136.277 136.277-136.277z"
        ],
        "attrs": [
          {
            "fill": "rgb(231, 233, 252)"
          },
          {
            "fill": "none",
            "stroke": "rgb(0, 0, 0)",
            "strokeLinejoin": "miter",
            "strokeLinecap": "butt",
            "strokeMiterlimit": "4",
            "strokeWidth": 42.666666666666664
          },
          {
            "fill": "rgb(46, 47, 66)"
          }
        ],
        "isMulticolor": true,
        "isMulticolor2": true,
        "grid": 0,
        "tags": [
          "close"
        ],
        "colorPermutations": {
          "1231233252124424425312552552551464766177902291": [
            {
              "f": 3
            },
            {
              "s": 0
            },
            {
              "f": 1
            }
          ]
        }
      },
      "attrs": [
        {
          "fill": "rgb(231, 233, 252)"
        },
        {
          "fill": "none",
          "stroke": "rgb(0, 0, 0)",
          "strokeLinejoin": "miter",
          "strokeLinecap": "butt",
          "strokeMiterlimit": "4",
          "strokeWidth": 42.666666666666664
        },
        {
          "fill": "rgb(46, 47, 66)"
        }
      ],
      "properties": {
        "order": 48,
        "id": 8,
        "name": "close",
        "prevSize": 32
      },
      "setIdx": 0,
      "setId": 6,
      "iconIdx": 0
    },
    {
      "icon": {
        "paths": [
          "M640 256h-512c-35.2 0-63.659 28.8-63.659 64l-0.341 384c0 35.2 28.8 64 64 64h512c35.2 0 64-28.8 64-64v-384c0-35.2-28.8-64-64-64zM627.2 392.021l-226.219 141.397c-4.83 3.019-10.696 4.809-16.981 4.809s-12.152-1.79-17.118-4.889l0.137 0.079-226.219-141.397c-8.055-4.815-13.365-13.491-13.365-23.407 0-15.010 12.168-27.179 27.179-27.179 5.581 0 10.769 1.682 15.085 4.567l-0.099-0.062 214.4 134.059 214.4-134.101c4.217-2.823 9.405-4.505 14.986-4.505 15.010 0 27.179 12.168 27.179 27.179 0 9.916-5.31 18.591-13.241 23.338l-0.124 0.069z"
        ],
        "attrs": [
          {}
        ],
        "width": 768,
        "isMulticolor": false,
        "isMulticolor2": false,
        "grid": 0,
        "tags": [
          "email-black-18dp 1"
        ],
        "colorPermutations": {
          "1231233252124424425312552552551464766177902291": [
            {}
          ]
        }
      },
      "attrs": [
        {}
      ],
      "properties": {
        "order": 47,
        "id": 7,
        "name": "email-black-18dp-1",
        "prevSize": 32
      },
      "setIdx": 0,
      "setId": 6,
      "iconIdx": 1
    },
    {
      "icon": {
        "paths": [
          "M512 512c94.257 0 170.667-76.41 170.667-170.667s-76.41-170.667-170.667-170.667v0c-94.257 0-170.667 76.41-170.667 170.667s76.41 170.667 170.667 170.667v0zM512 597.333c-113.948 0-341.333 57.173-341.333 170.667v42.667c0 23.438 19.172 42.667 42.667 42.667h597.333c23.438 0 42.667-19.228 42.667-42.667v-42.667c0-113.493-227.442-170.667-341.333-170.667z"
        ],
        "attrs": [
          {
            "fill": "rgb(77, 90, 229)"
          }
        ],
        "isMulticolor": false,
        "isMulticolor2": false,
        "grid": 0,
        "tags": [
          "person-black"
        ],
        "colorPermutations": {
          "1231233252124424425312552552551464766177902291": [
            {
              "f": 2
            }
          ]
        }
      },
      "attrs": [
        {
          "fill": "rgb(77, 90, 229)"
        }
      ],
      "properties": {
        "order": 46,
        "id": 6,
        "name": "person-black",
        "prevSize": 32
      },
      "setIdx": 0,
      "setId": 6,
      "iconIdx": 2
    },
    {
      "icon": {
        "paths": [
          "M628.309 591.573l-78.421-8.96c-2.143-0.265-4.625-0.416-7.141-0.416-16.993 0-32.375 6.894-43.504 18.037l-0.001 0.001-56.789 56.789c-88.073-45.434-158.068-115.416-202.301-200.887l-1.219-2.591 57.173-57.131c11.119-11.119 17.997-26.479 17.997-43.446 0-2.522-0.152-5.008-0.447-7.451l0.029 0.294-8.96-77.824c-3.694-30.917-29.759-54.656-61.369-54.656-0.025 0-0.050 0-0.075 0l-53.415-0c-34.901 0-63.915 29.013-61.739 63.915 16.341 263.68 227.243 474.283 490.624 490.667 34.901 2.133 63.915-26.88 63.915-61.781v-53.419c0.001-0.101 0.001-0.22 0.001-0.339 0-31.386-23.633-57.252-54.074-60.775l-0.284-0.027z"
        ],
        "attrs": [
          {}
        ],
        "width": 768,
        "isMulticolor": false,
        "isMulticolor2": false,
        "grid": 0,
        "tags": [
          "phone-black-18dp 1"
        ],
        "colorPermutations": {
          "1231233252124424425312552552551464766177902291": [
            {}
          ]
        }
      },
      "attrs": [
        {}
      ],
      "properties": {
        "order": 45,
        "id": 5,
        "name": "phone-black-18dp-1",
        "prevSize": 32
      },
      "setIdx": 0,
      "setId": 6,
      "iconIdx": 3
    },
    {
      "icon": {
        "paths": [
          "M1024 85.333l-1024 480 327.253 100.992 504.747-394.325-383.915 431.616 0.299 0.128-0.384-0.128v235.051l183.509-178.432 232.533 71.765 159.957-746.667z"
        ],
        "attrs": [
          {
            "fill": "rgb(255, 255, 255)"
          }
        ],
        "isMulticolor": false,
        "isMulticolor2": false,
        "grid": 0,
        "tags": [
          "telegram"
        ],
        "colorPermutations": {
          "1231233252124424425312552552551464766177902291": [
            {
              "f": 5
            }
          ]
        }
      },
      "attrs": [
        {
          "fill": "rgb(255, 255, 255)"
        }
      ],
      "properties": {
        "order": 44,
        "id": 4,
        "name": "telegram",
        "prevSize": 32
      },
      "setIdx": 0,
      "setId": 6,
      "iconIdx": 4
    }
  ],
  "height": 1024,
  "preferences": {
    "showGlyphs": true,
    "showQuickUse": true,
    "showQuickUse2": true,
    "showSVGs": true,
    "fontPref": {
      "prefix": "icon-",
      "metadata": {
        "fontFamily": "icomoon"
      },
      "metrics": {
        "emSize": 1024,
        "baseline": 6.25,
        "whitespace": 50
      },
      "embed": false
    },
    "imagePref": {
      "prefix": "icon-",
      "png": false,
      "useClassSelector": false,
      "color": 0,
      "bgColor": 16777215,
      "classSelector": ".icon",
      "name": "",
      "height": 32,
      "columns": 16,
      "margin": 16,
      "sprite": true,
      "addTitleTags": false
    },
    "historySize": 50,
    "showCodes": true,
    "gridSize": 16,
    "showGrid": false
  }
}